Commit,EstimatedTime,RealTime,Difference,Message
4442bf2c95f68bbbf3dcc8e84b1775a90eb9927a,5,3,2,
9bb2499c9c8be9c401d32fd7930ea0b975678db0,5,2.84,2.16,
8e21b9e966ae0cd72bfdb9b0b8e99b2dead9e0d7,5,5.86,-0.86,The build files have been changed. Prediction may not be accurate.
d07e166432e0b85d64347ac30a1665d69c2cb288,160.68,144.42,16.26,
7563ab473468fecefc388ae2ed06afab8ead6211,5,6.44,-1.44,The build files have been changed. Prediction may not be accurate.
b990acf7ae7cfd6dec5c7de61de49e45d6112af9,195.9,67.65,128.25,The build files have been changed. Prediction may not be accurate.
26e07869af572ea46c339b8d4045cb9537066c04,5,2.48,2.52,
bbf07fb15e90abe2d31609d388e89b852962b028,5,2.44,2.56,
35b401c8bb0c7bb9324e7d8ae0e5d0a63f98872c,12.39,8.71,3.68,
fadd00c7085fd0dc2722c974260768540cc6f8b9,11.7,7.89,3.81,
16d674411f769360fe047b3fd542d47fd05fa65e,11.7,7.92,3.78,
195a0cb6bb8cc8739902fcf3245bfe256c980c60,11.64,12.21,-0.57,The build files have been changed. Prediction may not be accurate.
cfb692825aaa64c2663963568df1b7dfa4b67e89,12.94,9.23,3.71,
b26b083aa20daceeb14ab43a73655d06c9fccf5b,11.6,7.87,3.73,
ec40e9d921a2f9c9a54d238100ddd417368cf161,12.22,8.57,3.65,
ac1166626c1cd753087fa81a780c39b20f259c71,12.34,8.61,3.73,
f8ff1049d3e52971813243a559a8148f06c26e15,11.6,7.85,3.75,
c91411464ec02f1a7b66568b63facea941df6ff2,12.22,8.59,3.63,
ae048625fee3ece3898110f6034063aee6c84336,11.81,8.07,3.74,
39a22880b6d8544fec51ba3176214f38a8a572b8,5,2.42,2.58,
be16115e6743bcd7cdd2d4d76d87145a6175e183,5,2.43,2.57,
33549086bc0af9e2cbc2910ae2cb9ba67b99ea0c,5,2.44,2.56,
9ec74d20a7e89344fecfc7f994168ea30a6b8c5f,16.83,12.59,4.24,
c9dd204909aa89648b29c5bd7e159bb32ebc2017,13,9.31,3.69,
9198f19d97aa24d4d034dee5971d7188cb04e27c,5,2.79,2.21,The build files have been changed. Prediction may not be accurate.
f8189ddf9869ed8e90f9b640d9545fe4011adb7d,20.78,16.25,4.53,
41013a01f44e9fc15ffef55eae78af2425bbd5a3,18.13,13.91,4.22,
7d8e98ee09885daf9f5af13ebe7f7d33d8fcfc17,5.18,5.27,-0.09,The build files have been changed. Prediction may not be accurate.
5411a187a38308c17a78ceeb6c2f08d289fa5db5,6.01,6.17,-0.16,The build files have been changed. Prediction may not be accurate.
05d429af9d6e99b598e47b64b2bf7a3d0a9f57f5,136.39,120.97,15.42,
f5e875b2f847b01a5199f853c97b06066d2c2c6b,68,60.49,7.51,
424b3b9c6c725e179efc8ea8688f57469c40ed8d,5,2.42,2.58,
15a85f2095919ec4979747edc0882222adebaf6a,124.92,111.44,13.48,
504f189e59a3df7656fb90c06dcd2cff17a70199,11.65,7.82,3.83,
d06d078959889c40b8437467445a4a3a65e0631b,5,2.53,2.47,
1341598c80b8149059e2485c843d62e52b21b3ab,5,2.41,2.59,
6bd94863d0228465731c827e66f1bf9050f351a6,5,2.44,2.56,
f3c029978c064976ca2033c0b38f47553094b425,5,3.28,1.72,
b7145a1d7227c7ddfea8051bef5d2e8a6301ad42,5,6.43,-1.43,The build files have been changed. Prediction may not be accurate.
0ffb21d355bde6ac11e7871dc0bf79009a6471c3,5,2.49,2.51,
17e5281ca938f334abceee920759bc2329daa1f0,71.57,59.79,11.78,
931483aa258e4cba2df009c9b0a7bb7cb5904c75,190.12,66.84,123.28,The build files have been changed. Prediction may not be accurate.
7b3f6da30718c443d64169813b4ae1b3a28ba934,69.09,59.51,9.58,
098f19bcedc2235f4ee0999b772f9713a1544beb,5,2.44,2.56,
19689af0916fa2aad5d6026b42c1615657dfc025,5,2.46,2.54,
8f2d18185844dbf0e095d83f4cd8a7adfce25260,5.18,8.14,-2.96,The build files have been changed. Prediction may not be accurate.
6a1e8e8fa70fdd734b79ae3b5e2bf9ab64a31c90,12.28,8.63,3.65,
6055954a094ec0434c9a954659170871816e1819,5,2.49,2.51,
2aa73388755846b46adfbd39d65816f56b7add89,5,4.54,0.46,The build files have been changed. Prediction may not be accurate.
e88796cad09a22ccd05672a86403e92fc5bafd70,5,4.6,0.4,The build files have been changed. Prediction may not be accurate.
36c47f2a55aacca160c5b93170bd71996070859b,5,2.46,2.54,
89d8dc979b363dea363a0a03999ddcc17f21798f,12.82,8.99,3.83,
bcbd8d73cecdd2050670fab6502fab8c84d8cec5,12.42,8.62,3.8,
9a865020ca119ea89fbbd836eeff4b374394152d,5,2.44,2.56,
c494ae06b7bb3ba6225e485452d3acd6e458c815,12.38,8.59,3.79,
1249e10b8ea8ead5b40917dfb8bef8ff4fa75c1d,5,2.46,2.54,
a340a5ef442c774fb04f0e14c86443d8d8ddb58d,12.82,8.91,3.91,
a17bbbc8a33740ed8722c1739d20ef0f5ff90ed6,186.63,173.35,13.28,
98f86beed6d087f08004de7a4360f983bb5272bb,5,2.46,2.54,
2ca496a2e79bf4d9832e9f788f09ed4fee6e1ff7,190.72,179.26,11.46,
217b620a7b7edd2a7b69a28d53fa8bcf7db90a62,11.56,8.14,3.42,
c16a0b53fe87decb6521417dd67fcacc55cd8cc5,11.93,8.47,3.46,
0cd3d5741b9208747c974ce990a29dcdd25367e7,5,2.43,2.57,
a17e1e6d197745c0f0a59f72869f226b23e47d4f,11.58,8.15,3.43,
1c6cd5f0a3104aa9b62c7f1d3086181f63e71b59,5,2.41,2.59,
cbbcaa4dd70a5b28ea62bf408d4fc3e1e2f7f507,5,2.81,2.19,
d95030a2fd1f4abb8dad623bdf7962fa902df8d6,11.58,7.81,3.77,
05060b6194be6bedecac64f7974e36f2770628a8,6.05,3.45,2.6,
5cea1c861def0251a10cd4de01908aaf3276c72d,69.74,60.93,8.81,
210a9796f78eb90f76f1bd6a304e9fea05e97617,12.07,8.33,3.74,
55ab3af098c41354419590cc4e4e7d454b8d0029,11.56,7.78,3.78,
3c7c0af1c9deba908a9802c433b2776feb243978,11.56,7.76,3.8,
05e5da9a83f788372e9888902dd01781faef1841,10.53,7.09,3.44,
96c962de228235c583204a513aebe0bd0adb1e5a,5,4.64,0.36,The build files have been changed. Prediction may not be accurate.
41df41550fa95d34f256f051794947e53a0ab56b,12.29,9.11,3.18,
2f05d1454e0ce106b23a3d9626950602bd609fea,186.29,67.02,119.27,The build files have been changed. Prediction may not be accurate.
e47904a26f399d3870e22fbfaefab5d1ab6a7e23,14.14,10.25,3.89,
5974428d2561b13072d627f85f012886f0df7ab8,187.62,161.85,25.77,
e4aaae4ed689669a8530d0b79d4523eeb12554ad,189.32,179.75,9.57,
4e3cd88c2b9c55b4fd2f93abe7795c4f7b9bf292,10.72,7.87,2.85,
f8f344923eba57ca13d82e53f3e7b82633179f43,5,2.45,2.55,
999711abc82ea3a698d05977f9f91c0b73957f7f,12.15,8.74,3.41,
75589956a4ce3a78899ac9562dd43b431921108c,5,2.45,2.55,
62f320e6bb09b4e6454e6a49dc3a844b13b9cc34,11.55,8.05,3.5,
e118856430a798bbc529691ad235fd0b0684439d,15.08,10.75,4.33,
99bdfd1bcb921c987b29a0780fa7c50c3155341e,189.19,69.11,120.08,The build files have been changed. Prediction may not be accurate.
28f01600315cec9e44a8ed656fb9210bfebaf887,188.4,69.42,118.98,The build files have been changed. Prediction may not be accurate.
3301b852a20b3d1f75592d03dd4038d3ea2fed7c,12.23,9.33,2.9,
bd0911afda3e087b80c93713a9a9866267857583,5,3.16,1.84,
52f116e874c783789bda3ddc67df61729834bf49,124.72,119.13,5.59,
24b078126451cb90c2aaeb4d3e1759006218cde9,11.81,8.63,3.18,
a772c28c9511e76b003ded67b033d08e36adbdcb,12.67,9.55,3.12,
38c4e31c8a8f7e69839e58e1470bf9fcc102e1c3,158.24,146.13,12.11,
59ec2912e481e158a0ccc8efd6ab82acc6deac9a,5,2.52,2.48,
985ae37d198bef5bf386416a46f944d9952940be,12.67,9.1,3.57,
fcaa3fb1891af959bafcdc2541f7e637d7eb079c,11.81,8.15,3.66,
d16abd3df3dab2851e4c7880269502f203c19f5d,11.49,7.99,3.5,
026368add7e7dd5b8e7f6857488e6578774275a4,12.32,8.74,3.58,
35bd69202d56957a82251652498f139c4faff5e6,5,2.47,2.53,
e9cf9f2c59e3af819e6d6a339077be5652daaf2b,186.6,66.63,119.97,The build files have been changed. Prediction may not be accurate.
21ad4c800c8624bdb750da5afbda6cca44e64bbe,5,2.47,2.53,
283c565af6a8a68015a078776c10f7103ba2c485,12.36,8.68,3.68,
f45ec47be1244fd16be339dd5be37af3506e05ca,5,2.46,2.54,
d09c219696512d5f365e0920c106b58c0d70bd19,11.78,8.1,3.68,
28dcafa09b4168cc586cb493f46c2df58442f1f1,5,2.5,2.5,
b0de81f4947d4830499d494033705ad46d17aae9,5,2.56,2.44,
41888493f04bfcc42d5287267708edcc49d7b4ea,12.08,8.41,3.67,
f55a5b69b7d8af8872bf785810db8fa8cd7bf905,5,2.5,2.5,
b32c0f2f49c8778fb7ccc3fa1a2c94d017d6201d,5,2.49,2.51,
14885a5b1964f5a324714ce52302b48fa54515e9,5,5.17,-0.17,The build files have been changed. Prediction may not be accurate.
f384d20d80fc36ba86f73a885838a4903604a5e0,186.55,71.55,115,The build files have been changed. Prediction may not be accurate.
a668ee8fe9b82606c6bec450ae40eed1d81aebe4,5.19,7.02,-1.83,The build files have been changed. Prediction may not be accurate.
c7763d0712696ae153f2405017221050637908f3,5.97,4.95,1.02,
58f56b24601838d76a8fda7bd48f0ebe0f9758b5,13.19,9.5,3.69,
7401dc1b0c9aab06b596eb01ec68888d075054b9,5,2.62,2.38,
b8800ddc371485f1aa3f46896650fa5c47526743,5,2.78,2.22,
8c9be18bd3dff42a2352c2dac6b8f17b243d2980,210.44,65.46,144.98,The build files have been changed. Prediction may not be accurate.
db972a73ce016afb9561be2677547efdb649274b,11.54,7.83,3.71,
27660b178e7efd1b54b0d86b2e3ebd993d7781b1,12.26,8.53,3.73,
d8a7d5f168a8ea652e8e56ae9e157a66f7181923,12.18,8.51,3.67,
37ebc83f7ff1caa0bca0140aa2e44120bddbca70,5,2.48,2.52,
622748680c807efcf1eb49bce3f0a9c08ad77484,5,2.43,2.57,
5be8cab966d65e7074dd6478d02cfa46724e479e,5,2.41,2.59,
a1bcd1e45a3eea98dedcee68f67b458e95e9193d,5,2.44,2.56,
0a580fc79e701363b12de2398e5c7428fe8af739,11.51,7.81,3.7,
c49b70f61e9818d998623458b9e0dfbd58d65f23,12.1,8.41,3.69,
bc2f448dd53345cd277ea7f69a2c5079f5383500,5,2.51,2.49,
c15b35c74e610aaf4e0ba0380c0af08a5a1f76e2,5,2.56,2.44,
e04e716ddb140d7154599f48b48514d3d91122cb,5,2.55,2.45,
54114021c11dadb3fc6f80208e5468a1efbe3733,5,2.5,2.5,
98ab9fa94f926e11a58cb0c1ccc4aaebe5a3b349,5,2.45,2.55,
745989192165110101165d17c7c3ed7410db5b92,5,2.54,2.46,
374a61f24541ae26f018f3bf1a14cc4337d0f463,5,2.93,2.07,The build files have been changed. Prediction may not be accurate.
fd6ca66c16b942d1f7d8c70468a438ad4c887c7b,5,2.49,2.51,
4569161f81e9338bb91e5a64fd1d00665bcb19e6,12.06,8.31,3.75,
7c6141a546b80866e26a12cee8b6a9f1be5b9fc6,12.38,8.71,3.67,
37756a06c9c8821e4cbc22218046b88cdc85ca90,12.27,8.58,3.69,
7d3d948947f6854507ba62e215ea681b9ef7dad3,5,2.49,2.51,
c9591c4e853e2d383f50c377839b12b7acb3d69b,5,2.5,2.5,
6aa52f469b31209ce5963bd34d2fb10ceeec2528,5,2.5,2.5,
5a8354c041af70e639dd93e700726cfc634e1850,5,2.48,2.52,
9422d9f6dd641be11f712e71719ed336972e124f,5,2.5,2.5,
2801341e5f346956d580a0fa25d0c6e12b6b85ae,5,2.49,2.51,
7bf113c95da53d8ce7480847ede52d2d6f31b9e3,5,2.55,2.45,
964707ace9208c601c7a1b45be903edee0d5de9a,5,2.45,2.55,
0064bd957d17882bc4e027b55dbc76f6a89e65aa,5,2.51,2.49,
72c339246a46a5b52c28786ad168f6d804b3679c,5,2.5,2.5,
046634375c3997e12270567dbf5f63d5e5c443b0,5,2.48,2.52,
a400a0e979f5c08bb2560131e55df6b5f06c0167,5,2.51,2.49,
658733eb04cfa0ee9d6ed0b6e15b8e43c0b1b2b4,5,2.47,2.53,
0527f97c4350574fbffac653e46bd57e4015f075,5,2.49,2.51,
522b698e0b7e62fa2049c13046c9f57251754afe,5,2.51,2.49,
988ec5aae9347d4b7d6128aea64b792704127f38,5,2.51,2.49,
8cdbc7fb2c8c876902e457abe46ee18a0b134486,12.37,8.63,3.74,
74b1dd87b5ff10ded5a09a10c36722aa5548ad63,11.72,7.92,3.8,
5efc8686ee5a12ea21d1562fddb83418d0c734b9,12.06,8.39,3.67,
5a894c32321a613393261fd8643ad93713d427fe,5.78,3.21,2.57,
f1c81da5bec82962f19ea801288c054e5c3cc664,5,2.48,2.52,
38b458ea4635d97fa7909272fb45d8c9ca7140d1,5,2.56,2.44,
b54acf513d55e3ef8df3d913dc3c78572989d3df,12.3,8.53,3.77,
96fb3b9c0361ae4c25dfb00864fa308bcc719e71,5,2.48,2.52,
6e454a99ef3c175cf36c30fe477bbc1a87cb1751,5,2.42,2.58,
dedf65a5fd346da884a65dd4781504bc15533725,5,2.45,2.55,
922cd8424a353b170320453dbedc95db5282f627,5,2.43,2.57,
007e3c5939a255b19ba65ec69b2627db310cb787,5,2.44,2.56,
7f60cbb701b11e66dc3d827100ed7a3a74a67e2e,11.57,7.76,3.81,
bffb44021182adfd83f2f973ec2dd6553b471e17,5,2.5,2.5,
8ca457a2177b513c8ee514fade54a6d84958ed59,5,2.47,2.53,
45ccd3f95177b30623b6786804b392484462794c,5,2.48,2.52,
9c7c74c587cac3c808a32b7420d68468283b917f,5,2.51,2.49,
bc5b7332b7508c4ea58d558f06444b9870a2fdd7,5,2.44,2.56,
99b30f389ee0272b5d5d256d95c4e7ea278d3cd3,186.7,72.44,114.26,The build files have been changed. Prediction may not be accurate.
73192b84f8f9c579b46d4f10bb57b679a8b25582,5,2.51,2.49,
d5cb451c515563db4542dd3e09605236dde36527,5,2.53,2.47,
ad2092bc680e434c3d17600988ec9b20f52eebef,5,4.8,0.2,The build files have been changed. Prediction may not be accurate.
53a24814f6b69039c971c8c3575cdd92ebbd1882,11.63,7.97,3.66,
7a8abb20ab5f214d8fb5713420a5dc5fd61ef79c,12.06,8.5,3.56,
5e009153548bf1ed176ea3e75f261394e9f3af74,5,2.55,2.45,
f3334b47ec6df3cd7eb1a0c7eafd15a4f21256f2,5,2.47,2.53,
13057bb73e230083c91beeece36433f2b0d70499,5,2.45,2.55,
c6bd31488a24a8c889c419f9916ea1188adabf57,5,2.52,2.48,
c13be85f2ba6732a75d917a36a8e50c6377f25d1,5,2.52,2.48,
aead1c046dd39748cca449b55ec300ba5f025365,12.49,8.9,3.59,
21c15080bd46e96ece6fb3b8cc87c7b0abaeb1e6,5,2.51,2.49,
ca10ad1f542d4fb951b5416562b1d032b8ef4573,5,2.51,2.49,
0d0db609590307ecae03627ac55265597d4a0ca0,11.49,7.89,3.6,
c40422f9e66a79845dd809e2d8d7519a20ea3746,5,2.59,2.41,
1d0f75f629f8f23089a109dc259cbfe99187fe31,5,2.5,2.5,
a484ca1bbd2f7884d45933be2ad822a4d71f93ba,5,2.51,2.49,
b32f8ba19bd05db95f65baa5074c942b3964c1d3,125.4,108.27,17.13,
15dea440c4c2a1b595b5513b458e84cd667f98b2,5,2.51,2.49,
caf03300e56139bea5f690fa9d9d8b286ad47789,125.4,107.74,17.66,
a3a97dca3aa227182088be47db75fc57f1186946,11.63,7.95,3.68,
9d54f806e5668dfb6c7077db8ebf6abe23ba5320,187.63,67.17,120.46,The build files have been changed. Prediction may not be accurate.
5918f9609e38d97c6cd67129bfc4729cc2bb88e3,5,2.48,2.52,
3f29f7272c1776997c013b78600700ffab3d7738,5,2.58,2.42,
4a213a2fed57159a1689b0be9c120eba98287131,5,2.5,2.5,
1964a8726b06237f751b2aa8b2a3fcd2ce555c44,186.57,189.24,-2.67,
c7f540b9e98bca42fc2207c16425ac326edf8ab3,5,2.67,2.33,
0817af40e8c74c721c30f6ef482b1f53d12044c7,12.36,8.85,3.51,
ac84fbfca370539094a99a3471c9d489d003ba90,5,2.55,2.45,
30ff647a7cb8323ac96614a8f65900efb6092292,5,2.57,2.43,
19fd89f8db75928038929f9ea6d918c5f5deb1a5,5,2.5,2.5,
63b0f1087d4e4d209b5db53c6abf18dc1fdcf9a2,5,2.48,2.52,
c73e9fc36acbbd9f37bf23af913631d23fcbbe7e,5,2.48,2.52,
bd3dd1cd48bdc5c46598a6ef5649c55557cb276a,5,2.52,2.48,
604ca891769c664273beb519f315c6c327f48478,5,2.59,2.41,
c4d943186e2709a975c574dfb396b911ca988a55,5,2.53,2.47,
b8fc289e8fa126fec89d5b753bb05f80a75d57d9,5,2.51,2.49,
74442a0b8c59adf110b9072ac50955f45f59130c,5,2.55,2.45,
dc97bb9b9b0ee0e0566d6a9752e06694f8e4985b,5,2.52,2.48,
05dd91a0b6cc8d036d1ef2c0ad457c966223989e,5,2.52,2.48,
7161d709555c655827118c02b58b2f6f376883da,5,2.6,2.4,
259a61ed2d71d517d538b74d0ce9814bd1e09168,5,2.64,2.36,
e3189527dc1ae5da614c5f4693d1240395e093b8,15.98,13.26,2.72,
c7ea434e2ce4e12a7d92dfbdff2b1e4002d78975,5,2.61,2.39,
7522d5c9828da1dea86cc9878cd08c485290949f,5,2.52,2.48,
927a4ed2f435cc7561b489807706f5f6da0fba23,12.23,9.34,2.89,
f1a5e394b05e6f69a3926df960c623c57494a4e2,5,2.69,2.31,
5cc997f7c4d521bf824855c3a63b568186cbeb52,5,2.83,2.17,
bf3f827ca1805519405904b4b929348510aa5b61,5,2.54,2.46,
9098a7f9271492d1e1c359fdfec25da804f5bda2,5,2.54,2.46,
d268d9f86ad39328a20567ffa8b6e1cc7e1d0205,12.01,8.43,3.58,
ec173eb654cf054198dd4b21d87f1c750e5c3c98,11.92,8.3,3.62,
169cfb250f2571624c57d074b829ca4005509ee6,5,2.51,2.49,
b0776ddd1850f5ca91fe50c11311fe5c9c90cf53,5,2.5,2.5,
2d7cac366db997e67b7cdfb0538f6454538e0dce,5,2.67,2.33,
9183960df2ea975dc77595f7b408bf1d9254cd64,5,2.58,2.42,
c5931d1a16454eb0783d616ded6f33877b1e537f,5,2.43,2.57,
95dd373024901afdf31c020a2cc7966032b18866,12.14,8.31,3.83,
f14052461b47653213cbcbbca8eaba16ee38ca32,12.36,8.84,3.52,
a4ed89bf75190631087596be22f9eb10dc6e53ef,12.14,8.36,3.78,
dfd74a271db84726e114b1b891d6d39bd9925f5b,5,2.52,2.48,
42699e37bea10fc51dd1a79888dfd8edae84c70a,11.61,7.75,3.86,
d20e88fd114afb5cce17699ac2afea440a30f87d,5,2.47,2.53,
56b0454ba560f693c96abe437952f19b372d90dc,5,2.47,2.53,
b57eac68e5d27c44f1e2c1836d56bcd8d64b836d,5,2.47,2.53,
df1ffe7e27927606cfefc94cdbb28fb660411749,5,2.53,2.47,
0200e4036c162476089c9359dd97d1c25b372840,5,2.51,2.49,
bc85dee6b3f403f94b742461427903069aa00621,5,2.49,2.51,
bad7e4a1149b9bad2385fe1818040f55f3e385c5,5,2.49,2.51,
9e805ffd4381cded7a53e29dc66d4a4b6d2b152d,5,2.49,2.51,
31aab1bd429605a54d3763e3bd0c96b8da45fe38,5,2.49,2.51,
a92d97ff1f61cf84289b1be2891c45cdf47298ed,5,2.48,2.52,
1b5b0eff9a9d058d6db88109c524c352e118d98f,5,2.46,2.54,
67f6ede3e5cd5a99bb5d3c09df82224a67f2df66,5,2.52,2.48,
8f7aa273dea5d127249cb76d2f8a2ccc43802d28,5,2.49,2.51,
305a9b12c974fa963f19fba42efeaeaabf7f5aae,5,2.48,2.52,
a89629db1db6893a20cc52dbe85d2e89a4ba285f,5,2.51,2.49,
a159bc939d6068c16b5096a4085b7b669cc5ca40,5,2.61,2.39,
7256f2289a844ad7a4ec09e73eaaad47df601431,5,2.51,2.49,
a5e819c4c3eee7a27e162d2277cfed7e5feb2195,5,2.58,2.42,
3a201128c2775f49bb1c211059c2c0ae7c320a00,5,2.57,2.43,
192781d4b5250b678c3ea6f28af878e9817f46c9,12.36,9.39,2.97,
8c263008bbd9c1ce221276229e548d7b15dcb0d0,186.41,73.81,112.6,The build files have been changed. Prediction may not be accurate.
57f9c590f94bd74d1b3b72656fd1cc1c76000980,5,2.84,2.16,
3c0cddfe80990a653ff7b38e1701d3950df642b6,11.71,8.13,3.58,
1725580f2653290c889140b1366103134acb79ad,11.71,8.11,3.6,
6e752d3f8b918e524fbffe3ca6433418092aa415,190.53,69.23,121.3,The build files have been changed. Prediction may not be accurate.
ceec96146ef734bd568c3085a4dff8d60148e13d,5,2.67,2.33,
85a23529ab8e3de4656c134fc3a380db91b1d762,139.56,121.07,18.49,
617189f28c5d3eb05d7d09fe453b6f98c87d8a40,139.56,120.57,18.99,
476f30a00475f9643fc1638b9d9abf52b308b100,5,6.12,-1.12,The build files have been changed. Prediction may not be accurate.
9b8a34b5b33cb631f8abde42227841cfe099af74,5,2.53,2.47,
db90987990bf303d30668c966da9bcfdeb3ac174,5,4.61,0.39,The build files have been changed. Prediction may not be accurate.
c3d6934f1838ae7c0d961c3d205f4b59789478ee,125.55,112.19,13.36,The build files have been changed. Prediction may not be accurate.
e3ab6ab38a69fe20f182703052387fa1cad21205,5,2.9,2.1,
407a4e9e4e02c82a2e6371958487cd0a7ad704d3,5,2.84,2.16,
b7774b182dcd4cb129a4af20d624b4168d28ff90,5,2.81,2.19,
82c2461e3d719dfe11361c07502d1cf8a998c121,188.6,67.18,121.42,The build files have been changed. Prediction may not be accurate.
855594c4de5acaea53bb413c6302d19ff7befd17,5,2.53,2.47,
86c5d8978d75f88aaa14ab8ed6186212abcb8f19,11.85,8.02,3.83,
dbea81b02dc17f3e1935cdeb712d2728e3386812,11.85,8,3.85,
5dbb3453d79acaf8cec5aa03597f42701c5a2a74,5,2.62,2.38,
6b577196eed0754d2805fd48caa64f58f9bb8ee4,188.35,74.01,114.34,The build files have been changed. Prediction may not be accurate.
3add5e2837d83b253acfd861dbf8bb980076e4f0,14.52,11.51,3.01,
18fe6d83125f2cd2a3e355396f90ea979e42b37d,12.17,9.6,2.57,
4e78a0a9df45961701d224326fbb9b93dcecf134,188.2,74.25,113.95,The build files have been changed. Prediction may not be accurate.
edfb3ead7793dc3e7fdc0f8193126d1a5079be1a,5.03,2.7,2.33,
e5c752371c7fb1343eff27b5f1d0bcbef4e333b9,221.58,79.61,141.97,The build files have been changed. Prediction may not be accurate.
c1e2a8d72766323181c804b47547242bd70460e9,24.65,8.82,15.83,
50645b724a3b43767fd57e4af53365d0cd270382,5,5.89,-0.89,The build files have been changed. Prediction may not be accurate.
ea5ca11761b945cb27f685254afec5d3d56f2670,12.8,8.53,4.27,
b6edac5aca160704f2bfbba541beee5b1f994a18,235.12,180.85,54.27,
b44fba25fbad89c105795a10a569fe422e4d1c44,240.05,197.6,42.45,
e91e811f020569fe3dae876ffa704fd3e452a33b,5,2.58,2.42,
786b4c8b8782e8ce62085595a8a87838307af8ba,5,2.48,2.52,
0309d645ad8149ed6e8bdb74a5c7272eea15546b,5,2.66,2.34,
2e918501db4175aa9fc0b1daafbf2e270a7f6f8f,5,2.59,2.41,
30788dff5b940d34b4ce0594a7109f972b38686d,14.43,9.32,5.11,
42b160b19f18ccb86fecac4553242ebd7ee8b78b,12.61,8.46,4.15,
bec6a9a3003d95077ad23c235a9313d79c6a1c4f,12.93,8.68,4.25,
5f4b92202b2a36097ffa54fc7dbf96f692074069,5,2.61,2.39,
07e55c049dd1d12ab5eff8397cea65587c3dc54f,5,2.52,2.48,
aa9a33b0dabb68a6586956d6d4aa0c861e534321,12.93,8.76,4.17,
1f341afa9acfb05afb02b73a4dff8992e0464aaa,5,2.58,2.42,
a379a0ad59df0b377bd7b047d2e5a56417252992,12.93,8.73,4.2,
5e73ca974d37ce2cc2204d1fdf0bf13284668963,240.91,69.69,171.22,The build files have been changed. Prediction may not be accurate.
ce985f13f475fbb2b1f8c7d5a1e5ff1fa12a8e81,5.18,5.14,0.04,The build files have been changed. Prediction may not be accurate.
b86e46e8e7f89f6866cb2fbb917ae00ea9431185,12.33,8.55,3.78,
1513efc904cfb42ed5305fd77b40e1c399380d40,152.89,134.03,18.86,
04c56cf6e77488ce7447e7a99afbada4711a8916,12.35,8.72,3.63,
30359e740953b596d6c3d980dba36dd131681a1f,12.3,8.46,3.84,
c2d0c40bffa02a0981c03115179c3373a057f1ec,12.17,8.47,3.7,
4cda92b587232f7d25cab4b7ef7ba043aad8e506,5.95,3.43,2.52,
3272267b99670e1bfccf5aebe97ead5e6f8b1bab,209.11,197.6,11.51,
21b1c390a3ce1f7e2816c6309f161c4b92470c46,12.44,8.67,3.77,
aa16359986a1cf5a77a70cb4f92e1f99de233572,209.31,76.59,132.72,The build files have been changed. Prediction may not be accurate.
c935237e75c4ed770d9efc9e8bd3be109889d994,5,2.47,2.53,
c97729532f54043edb959a2bd2ca6c5df5135658,5,2.52,2.48,
61136c2c7333a937adb20a4a43f32e66bf89c2f5,204.72,193.55,11.17,
e9c9ff607c024b6daecccb577923c62c0f63cf63,209.62,75.91,133.71,The build files have been changed. Prediction may not be accurate.
b3e0caa3e3a2c06e61f49f62112ca9b7f94840db,5,2.91,2.09,
244f9e66f97e37c9a1570e3d975f0d63b34ae4cd,5,2.87,2.13,
80dcec234c74c073c72bceea9731006b525aa576,5,3,2,The build files have been changed. Prediction may not be accurate.
a81568273c2fedf6ac435dcd51731f8e79840694,13,9.88,3.12,
cfdd4cabe793d897f6dafd61391374099cd5ea1e,5.99,3.52,2.47,The build files have been changed. Prediction may not be accurate.
f2fb877ef796c543f8ca166c7e05a434f163faf7,5.96,2.83,3.13,The build files have been changed. Prediction may not be accurate.
ec6971b864a3faffadd0bf4a87c7c1b47697fc83,226.57,212.94,13.63,
a266ac62ea1e4deb7edd9332b87b29097607d7c7,5,2.55,2.45,
978779044844f9ff793c10395443639cac964e31,13.23,9.34,3.89,
db641e32920ee8b553ab6f2d318aafa156e4390c,13.31,9.38,3.93,
be225b76a7c362b61c49cd81c4081be98b510aab,226.85,77.12,149.73,The build files have been changed. Prediction may not be accurate.
ba12fbf8f8861e634def9fc0fb5e9ea603269803,211.76,183.38,28.38,
4f18c671ab8c7d313a1b97f9aff4616dee73bb2e,214.11,72.77,141.34,The build files have been changed. Prediction may not be accurate.
398c048c66e71ec52a1799ea6fbd4c3b1554ec5e,210.67,72.87,137.8,The build files have been changed. Prediction may not be accurate.
69003a0751971275b9cb32ac345e0d0c15c81ecd,5,2.69,2.31,
7bc6f021d7b65fd61194f366077efb1faafa96dc,213.08,200.8,12.28,
1ee2db4a286e4980213a849a13a9f46b5a0dd654,5,2.71,2.29,
f87e002313d566dcce71a9aba040d22ddb5c1e80,13.22,9.42,3.8,
03cb2eb088a79b7849eb526e0e1f3e2f4ee5b2e4,5,3.1,1.9,
db2367e8782d7a39fc3e93d13f6a16f10cad04c2,217.3,255.07,-37.77,The build files have been changed. Prediction may not be accurate.
9834f79279574e2cddc4dcb6149da9bd782dd40d,209.14,183.87,25.27,
0bfbb0d257593b2fcfaaf9bf09c586057ecfac25,177.61,164.09,13.52,
7ab79b3879fa8b336ba3047f2399f26e1601f68e,12.66,10.64,2.02,
448e01353abba452148b7547eaa255b0555ae575,5,3.74,1.26,
c50bb218de95e1f4278fb1b4ad5f300b13364b85,5,2.98,2.02,
db4df9908e0137c14f5aeeefba899240c4724970,16.29,13.81,2.48,
228ad1ed9cf9eb64ac16475e902ff5f861d60c10,5,2.81,2.19,
0a10d38d1533d7944bfd10552c5df9a3cc771d8c,13.35,10.53,2.82,
42463b840fb953e4663384a3911df2cd643ecf08,13.35,10.24,3.11,
0e5365997179def68797cbaf5d1a0961bef2ad00,5,3.05,1.95,
779b5c9af00d42bcf4728270a3b5a983998121eb,13.54,10.59,2.95,
25a7c817d3cbef8b6508b44bca6d0b01ca77916b,210.08,215.15,-5.07,
90808a02796449615947e49ae57f5f4fa2e404ea,12.92,9.92,3,
1ac2a606fc10dd8d0e880902bc428ae406beb70c,12.61,9.62,2.99,
751d3f00a8f4162d486658cf640d94a7a9486360,5,2.94,2.06,
4d74ca4c3ad3c9900caf320b39433e68a7db8465,5,2.75,2.25,
1c6e6671d106a45a0f30d5ca6427ebf0cc26abf5,5.2,6.96,-1.76,The build files have been changed. Prediction may not be accurate.
503e3147485a8d21ec9915b5df4c2ba4e2c4284b,5,3.57,1.43,
236e8040b4f8fbf213374ce398ecf29ce011f47c,5.29,6.28,-0.99,The build files have been changed. Prediction may not be accurate.
0dbc81c73ae19310f477e4888f4d4cba8474a846,235.68,231.81,3.87,The build files have been changed. Prediction may not be accurate.
6f1b574ceab74a043d24c24d12b2cfb47e5f8228,5,7.29,-2.29,The build files have been changed. Prediction may not be accurate.
86a7c864b32cc8532df2b57f59526c11be507657,5,5.15,-0.15,The build files have been changed. Prediction may not be accurate.
ee718d352615f8417683f99fba6d0d08a33760fa,13.27,11.88,1.39,
863bffdac7f08815e4189bc881cb0c26d98d96c3,12.72,9.36,3.36,
df352203d6eb06355e4de40006236af64181d9d6,18.75,14.88,3.87,
2bc32606c73ccb66f86444b60bf0eabc9c959fb3,13.49,10.14,3.35,
2331437df3fa3c28649f6b318ed980bd9462434f,167.39,151.52,15.87,
7dd9ffbcfff3561d2d1bcd247c052e4c4399623f,5,7.12,-2.12,The build files have been changed. Prediction may not be accurate.
d0219f25970c740ac1a8965754868d54bcd90eeb,229.84,227.23,2.61,
89bda59170b662d65f91d36220492cc890dafa0d,229.84,215.96,13.88,
41bd8c90aebb0fd6de0735f52a3e9e99e67a5eed,5,3.02,1.98,
adfd1847763f71c79424386fd31e31693ea7f599,5,3.18,1.82,
d52625a94a816fffb880b8a85f3bfd4c35d02b99,5,2.73,2.27,
f87fd39cf32cfda40dadaf1c8906cfc5c0518b06,230.15,80.3,149.85,The build files have been changed. Prediction may not be accurate.
a036bd38a574f38773d269447cf81df023d2c819,5,2.81,2.19,
e93aaeb5333829fb94693223487c5baf77eb251d,91.16,74.44,16.72,
0d4f6afcdf4e342b69383bfc022eed620dd1c3da,5,2.89,2.11,
4dae2d8289afabb59e3889118c392a09efea18a1,16.73,9.41,7.32,
556705cb9c826d70c043d67a87d997f82e2a559d,5,2.87,2.13,
af0a47701db53ccf68211582a1e3f31e2836d4f3,234.26,225.64,8.62,
263aac125e3dfe26aebc6ce7bc0ed39889f19933,5,2.96,2.04,
50d704ab8fadf714f814fff9c8091a64cf72beb5,5,3.12,1.88,
3bb8294e00608238c2a28753425c9ce332c2bc0e,16.83,9.76,7.07,
144a87a643a619ff82a3acaffa6ac3761bc5db1f,16.83,9.79,7.04,
6dedc0364afeafac3bbae7ecbb87249234a4ca85,16.83,9.97,6.86,
31c45cb6aeb06d59b731fb725beeee17ed851475,15.97,11.04,4.93,
51ed0f040505914d9be09f01b2b567d69df57ae4,5,2.84,2.16,
975cb9108543fb5c8b1146f74350ef4c6f1cd888,5,2.98,2.02,
ad0f340c273e3c6bac01bbc1eb41652903150f70,16.83,9.78,7.05,
2ac7c5a6fb3c4f169ba5b44df762f7dc43504bfa,234.45,75.49,158.96,The build files have been changed. Prediction may not be accurate.
bf33f1d98d91e9326f04d56e1c3576baa886ae1d,5,2.63,2.37,
419f57137ad1eaaa34ed41c23b5077642ca5b06c,5,2.56,2.44,
75eaf5091c07572f0bac2756821f228d87916df0,14.39,9.95,4.44,
05aafe2cff5aab63c6c8d51261549b395f54bca6,236.49,202.26,34.23,
01baf396852bf9e31625260ccba939bf4f539f5e,5,2.63,2.37,
8fccf8e4e3ae87f3c1069270daeb2a59a40bf89d,197.7,159.4,38.3,
0b84596f6e8dc830e7f90e7501a036a16c7c31e3,5,2.55,2.45,
212e4232e7520b2e328e3e965ed792e17b12e144,5,3.01,1.99,The build files have been changed. Prediction may not be accurate.
8ece2de964c01b3428f16766f199b58f0bc67212,12.59,8.82,3.77,
7c6d29967e2c5d151d161596a1848f984d1c2845,5,2.54,2.46,
128c413261f60c044aca14895ca2c5d2574d791e,80.38,69.83,10.55,
4e631d2e5fd2d7d27b1ca5e2edd6a4d95c83566e,140.68,126.28,14.4,The build files have been changed. Prediction may not be accurate.
e5e08ebedbc1dd97d19f2504d43619991b1e52aa,12.32,8.51,3.81,
dc4361f4cb49f376993129fea6768a978a28711e,5,2.61,2.39,
b7e29730482dd2d5e88c3448c6310b6849c0a3cf,5,2.56,2.44,
670400ee337f84c9938db84e3de8d4a82ba3ec62,5,2.48,2.52,
7a29771a743a8b5337af5f3fcd1fbfdfdc5d1b81,11.96,8.54,3.42,
cd1eba043c90da3aee8f5cd51b205b2e2c16f08e,140.7,123.49,17.21,
16e0a5a886c60a648e74afd12c0cbeeb58d6d522,12.51,8.7,3.81,
fb9df27776b116d9e8552c0b7b3109245a9c0d26,12.97,9.18,3.79,
144d38fb9d63a26c99acbd3cc212430d3d688859,11.35,7.89,3.46,
99ff9bb5e0ef261e39cb3c67a2d212f6bbeb99e4,12.85,9.06,3.79,
0cc8c0f3e1230f8a3d6d7ed53523c2045d43ea63,12.84,9.07,3.77,
2e078f1fc0f580bf390c84ebfcd36bcde076eca6,13.15,9.47,3.68,
8d83aace106b6832629a3e05f49d074a4288c8df,11.96,8.55,3.41,
e0dce8a9ae77cd4430db224c3bb056d9d1882e58,29.83,23.88,5.95,
342d3296851dfabd88e9e3909ab45fa16e8139e0,12.9,9.13,3.77,
46a20470fa684c2f1390c91dcc8d5799bdd422c5,5,2.48,2.52,
3624e70508d414ae734c0b51f81839f8b5b1c809,5,2.57,2.43,
ac05ad55fadaac7cdce38f0ea19b2628a9864068,13.04,9.43,3.61,
4919c25d497dcba708074f7d35ea6b43d17f7294,12.96,9.36,3.6,
212b0c28cc54f0a877a17bbeb70e6d013ad96ff7,12.74,8.94,3.8,
f91d1a2a7657a85b46922df4c813fbf8ca3d2bb1,5,2.62,2.38,
dabf6627886c1d21b9fe03c897809eb64ef2ac54,200.38,176.44,23.94,
e81d4ea988c2e35a9cca0ad12516c39608545bc5,12.74,8.94,3.8,
9b7f5ad61172ff71d0dd4a788a23c5803300ab59,12.32,8.55,3.77,
f9d9f9c056d96eccbb75dcbdef2b58f6d2a3edea,204.51,193.87,10.64,
fc59c20e97a196a261d9caeb573ce411a98b8c32,12.74,8.87,3.87,
237fec7e7025e5b517f06398e3a01354eb3035ec,12.74,8.92,3.82,
58ec6674801f07edcf79ba7e6a4a9f17d1a1e13b,13.36,9.64,3.72,
456e02f280ede5e990bcfeb4faf6e6acba13d599,12.42,8.63,3.79,
0f98b2f4ec683fc29bee489cafdbbdc7d59ffa1d,12.29,8.55,3.74,
c1c001e300debcea9ba6630c1a87f56036840c52,5.84,3.35,2.49,
4f6dc3023205e9480bc4bb738bff06bd02d29567,5.93,3.31,2.62,
292fd1155ae502df9aadc343cdbbd5d6b3149090,12.27,8.52,3.75,
9275be383f63441e45ead925c8956b2d1a7768b1,12.57,8.74,3.83,
4b2d92a864f1505f1b08eb639d74293fa32681da,11.23,9.53,1.7,The build files have been changed. Prediction may not be accurate.
b4a3c1bb1194d99efb547120bbff2f4442ef505d,154.45,135,19.45,
4c870904cd1ae7954ea1412d9145ca75b927dc18,150.93,132.08,18.85,
8ed9e8c79ffed28b2e6ee533d3d184c0a748ed48,11.24,7.68,3.56,
0448e758cf9d4dba3c3f8636af850e88597c1821,12.97,9.07,3.9,
1e1e6c1086a494f065313dba73f7ab04078b8185,12.97,9.08,3.89,
4a5a30f716ae260bd89416cda8dbdcc5cf6f2e62,5,2.51,2.49,
be732677f56f4da48f737dc7edd821ec1928515c,141.16,123.23,17.93,
1086507e75580083aef46ad3072e9ff7869c2bc4,12.79,9,3.79,
f62cbfc02230f160e0fd0947d74c4a012eb6232c,211.48,122.84,88.64,The build files have been changed. Prediction may not be accurate.
a0cefc2217adafb6a21d87b66115df6abc9a9cdd,12.7,8.9,3.8,
7f985b35ce599a37144f852903993300e8f1f197,12.7,8.97,3.73,
5d6894746635d19d719fbf15881dbd7fc375d77c,12.7,8.94,3.76,
8c4c16ddf405ecd93b1df682cbbbca1d7cfad9ba,140.46,122.69,17.77,
37fcab17d33b7b5384ec018c3595eb9ec393dc2a,209.7,70.84,138.86,The build files have been changed. Prediction may not be accurate.
037991211d45f400526c8d7f0eb29c940b6e8726,11.32,7.83,3.49,
cc818f5fe402c9c04f2ac1277bacbfe1cebfc2fe,5.89,3.4,2.49,
ad7250ab5324a05456a7d5445edfd3ec26638dba,12.33,8.51,3.82,
202a9c3497e0c0b5789e533509dd8671617ae20c,12.49,8.72,3.77,
56b164a19566a63dda23d48a93b91875d89c9fde,13.48,9.76,3.72,
3c0d38d68b78a6ea9e6ca82012f011075a625a2b,11.21,7.81,3.4,
3bb2e8dfc9eae7c6abd8fbec5fa751ffcb495121,151.28,131.84,19.44,
1233962b54de68bfdf06cfde244693ab7fd3558a,154.77,135.1,19.67,
b36b4941a634af096d21f906caae25ef35161166,209.93,198.02,11.91,
43e8bfca0c687317f96f976586194d26d8e141b4,11.32,7.83,3.49,
8e362161d9554e8a6c1e82f95bff24fc9fdcf9ef,5.89,3.42,2.47,
de04fd13048dd208162573187e4c0d9e7d3428d3,12.86,9.1,3.76,
04662a8667c8bf0a594f0c6db7291066c272ad38,12.86,9.07,3.79,
5ceaeef832fb595d1d5117524937b15c892cbd75,12.86,9.06,3.8,
21809c8c0fdf72b5859faeb1781ff3edc121120a,12.33,8.5,3.83,
363fa1822355021b4b723389d51f63ac263ef30c,12.75,8.88,3.87,
347e4a75ec745e09fa8433f557b363e5e95491cd,12.75,8.85,3.9,
8fdc6701889679d16ac064b481f968807eddbf0f,12.75,8.91,3.84,
4745c08220b90eac741ae3ca1913cbe90c9831ef,12.61,8.77,3.84,
da2217859f1b7cc0a2a3b7d50e70b983ee301a10,5,2.58,2.42,
a0b4e87f445ca00a73db8bf46cc47215a9f14788,5,2.61,2.39,
762437c8495d11879d265965cf24703bf8dbfb5d,5,8.25,-3.25,
ecd265288319c004a862a29c95487a888f62cfc7,5,2.56,2.44,
2d7817887a9f0624f73492d04b2a992545f0beb9,13.15,9.38,3.77,
aef2d0c56dd6d363e51b1c37dc0095054f18098c,5,2.83,2.17,The build files have been changed. Prediction may not be accurate.
b81f3ced716b81ea604876ba1e89b953e0d04813,194.29,172.84,21.45,
32811598f384ac165a812b4dde8fb1ad4df2d420,154.86,135.25,19.61,
ab26dd54337544275ff8bb61eb227aed83a8ed80,205.64,180.23,25.41,
d488d75909a7f5bdc13865a155ea583fcc3cb07f,175.12,154.03,21.09,
f7f0c86a9c7669a5101615622a29d34098ecb7fc,5,2.62,2.38,
45c39bfed487378de5a4b7f977fd74564f29083e,5,2.64,2.36,
613393bc1d52207c22f3fe8dc71c09277f9ac7f7,5,2.5,2.5,
9348af3651afbd554fec35e556cda8add48bd9f8,5,2.52,2.48,
d73cd49799444f9045d44a414c7b35f129844504,209.84,70.82,139.02,The build files have been changed. Prediction may not be accurate.
3ffed912c19c5c24b7302d2ff12f82a6167f1c30,5,2.52,2.48,
8297ea8badef5ae5bdeab85b74780fd70de60247,5,2.53,2.47,
2bc094264b334b8afdbdc1cf35ff5265f0ac3415,16.36,11.9,4.46,
3ad2ef7510b036758d5aa928a6a0a1ac5c29c591,5,2.53,2.47,
b1af57256721fa0198b63585d3bf26265a8736dd,5,2.6,2.4,
1dc70d703e925bf441a12961223c4cb6d1e376bd,5,2.65,2.35,
9d859934c5d097bc23578237d01324eb9b30c0f4,5,2.53,2.47,
f1599649e55a52a8e331ee282ac4c5a03432cb43,5,2.53,2.47,
ea93847a7d6f341c8ed53733c78b8f38f9567bc4,5,8.25,-3.25,
9fe1c1b3e7a8d680e15d861c1ef224f4b7a2ebad,5,2.62,2.38,
58eae7782acbbebb2d6793d4087b6e0a8f61e818,5,2.56,2.44,
605ff1efe76ee26695077b08b96f222cef96efb2,5,2.51,2.49,
7b685eab8821686821c38e398536b0842b0ed131,11.47,7.97,3.5,
846e206146c2f0b6b5321d245004d262c7d585a3,12.26,8.45,3.81,
3bd1618ea955f950f87bc4e452029c5f0cea35aa,11.73,8.26,3.47,
5475be0c1053df95ac560a94b918445411b3639e,5,2.61,2.39,
4c938c246cf3da8db16a2d9cda7209f1d72e37ee,5,2.53,2.47,
69002f726d597c613223ad0ea8e6262b73842f1b,12.13,8.69,3.44,
2e96668f245dba66c3ceedfea7a8ecc565a018e7,5,2.69,2.31,
a7b2b5686aea1199e3cdea7d1c743e087a1e5b1d,5,2.57,2.43,
67c5bbaf03c95df198b2828d5dbf51b010721f11,5,2.48,2.52,
8ab28b448bfc852b61c515c6fe230f23a5c1298b,5,2.61,2.39,
d1f4d4a91a5274a33a0aee0748851bce7fbffa23,13.18,9.44,3.74,
a51a877d2739239e2ab7c72a60a5ecc27ba772f3,11.41,7.93,3.48,
6f752b52e9145986a26a5c6f0bf064a185bb07d2,5,2.52,2.48,
d8a7e093b92bee5b4077968984314afe8bf193db,5,3.07,1.93,
b9a27679ec1555262c0c721ec1793d7acd7766d9,13.23,9.46,3.77,
9acd0ddbf3c0f14e6ae7cb3f7faf4c24767f13b8,23.65,18.75,4.9,
c90f283be33bffde48c244e0478b63fd6798fbcf,13.03,9.23,3.8,
59df5440f3805db3e1d00b86d91a76dcb50412e4,5,2.58,2.42,
2fe992b099bfd3fb121a71b7af43e116b2142b5d,16.08,11.97,4.11,
627854fee1fde93e01f27655b00a9082348ee15f,13.23,9.45,3.78,
97a25d12031b07540c95387cb434ee5c87b82c46,13.25,9.44,3.81,
96675446c5fc9b47265124e479cc300f7a7ced65,13.23,9.44,3.79,
19eb511ba4f4914c1914472132d3601069bef906,209.71,74.58,135.13,The build files have been changed. Prediction may not be accurate.
ee6740aa78d267d9890bc3830a723dbc1eaf303a,11.75,8.37,3.38,
b8a5e22b6b6280ad05dd14cfa920316e85e30d04,209.73,71.69,138.04,The build files have been changed. Prediction may not be accurate.
d19411a76f91d47930ea67d16b30fba55734b449,174.84,153.26,21.58,
4025b5a54fcbe2f5bc4c71e3259bc1af60c99169,209.79,69.64,140.15,The build files have been changed. Prediction may not be accurate.
9c7df09c3bc784d19c206e8c17c3c288368541d1,210.03,69.58,140.45,The build files have been changed. Prediction may not be accurate.
0570adff8074a786023bfb7646e7475af52f88f9,5,2.65,2.35,
20e8b634771f85926a6f9a67e11f13eb01d45bc7,12.18,8.42,3.76,
5a84f84325cbb0a58014348cb5513656432ae25d,11.4,8.14,3.26,
925dca1746b45855ad56dbe219f631200e87c9ff,5,2.55,2.45,
0be6766d9be08bce4901ab3b5d80657070e65ee1,5,2.76,2.24,The build files have been changed. Prediction may not be accurate.
00933dfc9cc525963c6833d3180b593a87bb15bb,11.69,8.26,3.43,
41c0d15a6d680738e80a59e89c1058a97ca922ea,152.92,134.06,18.86,
a62ad79f5c59152d1a52c3b52d969c3c48390cda,11.69,8.18,3.51,
087d75e3c336547fff37a4bc5d33b1ad041485bf,152.92,133.99,18.93,
ebf961a58d540ea40611ad75bc983f5386d3635b,13.31,9.39,3.92,
e773acfe9a0f8cf4d67799f6177997bd8a761ede,5,2.58,2.42,
db3ffe5bf139a664609ab1f7e3715a2da5019805,5,2.53,2.47,
cb3a03e1e2160d4548db3d7b2e55789c05e08225,5,2.56,2.44,
23229bfd0cbd2588402835758238e36407814148,13.16,9.23,3.93,
03db1f455b4265654e237d2ad55464b4113cba8a,13.39,9.47,3.92,
44af2b1c17b5920052a6bb363c62d8452a570a42,11.37,7.87,3.5,
f1f80111c9bb691c658e8657c450845387cbefd1,11.37,7.94,3.43,
401f78652c31a6a9eab68197e1634dcb765eabe6,5,2.5,2.5,
b963565125f0ec2968300ddc80ab7750aa56625c,13.24,9.37,3.87,
3188b8ee791a38ac3dd7e477f30761344442f745,13.24,9.33,3.91,
5644ee5083c5f03e01ee2e4de615c16cfc0dfcd0,13.39,9.45,3.94,
d28639507db2029b8f184a5d93e9d8c28acc1955,13.26,9.34,3.92,
da4927b7fb0213f77d8ca087de6854948487c6ee,5,2.49,2.51,
6e1618560035296f0d92231e241bf29b8d7d213c,5,2.6,2.4,
1387a16bf4eb1859170bd2fa9b9efb9d5169d1e7,5,2.55,2.45,
041e77249af8778db1e37b3ad47c034fa7934e05,5,8.88,-3.88,The build files have been changed. Prediction may not be accurate.
700983c8c9827cb4de93d25757c767d1d5211910,5,8.3,-3.3,
63a5556aa2821b266b2b14b436abaa9f77e73e46,5,2.62,2.38,
7a65d1d3fb86b0ab46a0a425b79985e037cd3b68,207.16,182.4,24.76,
b77fe970dbbc3c1e2bfaca58aade6874f8530885,13.11,9.24,3.87,
4cad3f5e1bc88e626450607ca8c6b59265d7242b,13.23,9.39,3.84,
4a09d0cf7a65cd08d4156eafd80e943712216d49,12.28,8.47,3.81,
f14e2e5c53a5f1113c5e063511b7ea31319f4ccf,209.66,71,138.66,The build files have been changed. Prediction may not be accurate.
b04c565f33edbe7b81b028ba371da93b946f6393,5,5.46,-0.46,The build files have been changed. Prediction may not be accurate.
5ce70917df75f87c89a9b1e9d0583ae4135f0b2c,209.35,71.86,137.49,The build files have been changed. Prediction may not be accurate.
1dec512a66fddfd8b4b265231b00d4f918b16cef,12.63,9.4,3.23,
7fff264777ac9869ff347dd2bb02304e11d83a20,12.38,9.1,3.28,
16721468e5410732f2575be35652ece538587b94,12.09,9.07,3.02,
261250c46e3eab9b54c9cc59b405a69785a65b35,5,2.59,2.41,
976da775cbeff497e922f959f9a35d5e06cfc7a9,5,2.89,2.11,
9f2e3f6b7262a8cae817a4cc12388fcc1bd63bce,200.67,178.49,22.18,
367f36d630afa01b0967547f5a038a1f8f499f45,13.39,9.53,3.86,
123ea70d74e655f7401cf70d364ccfb2b03022a7,13.39,9.54,3.85,
6e382208f72cfd449cf076ac1f1fa340fe6eea0f,13.39,9.54,3.85,
51c91ed53d54efed8f82d5ead200ac5b6ef52a6a,13.39,9.54,3.85,
91ff2ba844a917162307a75afa658571d419701f,13.39,9.56,3.83,
510331bacf803a905577b93f118f5a32bba55bd3,13.39,9.56,3.83,
34ec21fab54ecd964ab7167060b650ab0ff44602,5,2.65,2.35,
591eabcbbcaf3589b004e65c4a11a0d7d18887c8,5,2.61,2.39,
b8a2e08abadda92547ed63881dcfbe779594d03b,5,2.51,2.49,
e5734c37a6f1b0d3ce467e7a5ac11c29c1d5f56a,75.84,65.79,10.05,
516adb99c094fc2c4dcb95f97f9d251d7bba1716,5,2.63,2.37,
587068c969716df2b994362e3133c68d91455d47,12.18,8.45,3.73,
1ab3e3ed3e0c50cc8e747a9617f9412af8a15bdd,12.62,8.99,3.63,
a70265779480e31d575dd2a4f0444bf5a1849c22,5,2.55,2.45,
30d95388e7835487e5ed67334bddc2a45c0846a5,5,2.6,2.4,
36fac0849ceabafb9e2a15045230833e7dbc9e9d,13.29,9.42,3.87,
eb7ffccf44ecb27f581693c4f62ed8d361999817,5,2.52,2.48,
323b1d9c5f20ff46d420bdb63f80f772f9f7fb2f,5,2.58,2.42,
f8341badb87ffc7d48488b95b58efbd1c7747674,12.26,8.54,3.72,
4cbd0d6a602f82f42aa8dc8e83c3daee95134d03,5,2.63,2.37,
42331aa15484dc60561a8848d4696a655ba2d22d,5,2.5,2.5,
c061d6995c594c47f718d73b2419547161e92636,5,2.61,2.39,
a3f567ad56af4e0c3cad8eab591360609ec94b5a,5,2.67,2.33,
91a6ec8d07eb521fc3f9be3bf7b7ae36a6108c88,13.3,9.42,3.88,
b233d7e324e7661c6a487df9362a6503f0acfea5,5,2.55,2.45,
7da3922d051907ccd9b32de140bab217c7665c02,12.97,9.26,3.71,
76c1f78cb92cdbfe46321da2b2d2ecfbfdf32eaa,12.96,9.28,3.68,
50a65cc38a68dcb04f57fb492c83878e5238d15b,12.96,9.23,3.73,
02f9e84709b4e4756f3e512dede3430f3538fbf5,12.31,8.65,3.66,
a6ae52fa132ef2c5468d924945470957a7ef4c42,13.58,9.66,3.92,
d33eae97c99c7dc0df362eba2010ec28ac08058e,5,2.59,2.41,
a228f0ac8031379d3568245e24fb287408cf3a26,5,2.6,2.4,
57d0ec57e43ce9b98a76fc7d07b3b5827481e516,5,2.52,2.48,
e57741791e9bd317a0777ab2eff6b40923f0f854,5,2.57,2.43,
ab9b52e69ce8d3da9bade6f73468736c7b1cec1a,5,2.58,2.42,
a86ef242e4f2907ec1399057f194699f2fe28c94,5,2.54,2.46,
cd0d605b23f9efe247475ba425f811a513a138db,5,2.53,2.47,
f9410b16475828f90d27cee58faa3a78a5f181d2,5,2.59,2.41,
92f6325509007aea2022df2d3f618033480f86dd,5,2.54,2.46,
2aade94fcc768af254e7e169bfabc07477ed7179,5,2.51,2.49,
42baaa88cd20adcce8767fb124682b1b3bd8b0ec,5,2.6,2.4,
01962b4dd1f3ef15e1412a2d1e21ce8e6e68bd1d,5,2.63,2.37,
a76242b35ab6809f7582fd06b8b30c05f82b3934,5,2.52,2.48,
82abb80553e0da9dac512822e72f55281a68d38c,5,2.57,2.43,
ffc248919bc6456a90792a1ea0ecb689b8078791,5,2.57,2.43,
b88ac15e65bf424db69614b6021865afb79a333b,5,2.51,2.49,
2e4700d52babcf06ac01243f650ccdf546561812,5,2.55,2.45,
f1287a9b2f995b8c7ec228cc3b3418670ef92695,5,2.62,2.38,
0344e6cb83b338c8ba23d9ea8aa7a9fffa8d146e,5,2.53,2.47,
b6b0f5f305eab272192f01bd5adb68adaa31c10b,5,2.54,2.46,
b6fc1df022a0326e7c36122b1416061bf796c98f,12.41,8.69,3.72,
8f662e72594acf8e7f874f7670d1421af68c7fc6,209.65,71.29,138.36,The build files have been changed. Prediction may not be accurate.
60a6ae6f0b84f059e33b8c658ef22c3d933db0a2,12.97,9.43,3.54,
fa17536598ac931b811727944d7d74f8f4059820,5,2.63,2.37,
b67dac56e30d8e1ba39d6ddf27ea198cecae6f33,5,2.55,2.45,
3498f29b81b522cf4697ff7384b7538f645a63d4,5,2.58,2.42,
d942c64267ec72c19fa1b74050f238041918a479,12.24,8.48,3.76,
1bfdcc8499f49e197c2f59a94a101b03fad51482,12.24,8.64,3.6,
b995c08bf32cb701b92bd8c98651de2d77cade9e,5,2.53,2.47,
d66e3f57cd5dcc4a2768d40d2a1f1351328ca2fc,5,2.53,2.47,
ee31d492d80821ab72d6dd1c8950353ad12d54d0,12.14,8.42,3.72,
09b618f0a162986e5f449acdb68ed125073f50b0,207.1,182.52,24.58,
fa0f51ddf8357f0dbfe1066befb2f73fa639c1e4,82.59,71.97,10.62,
4a076032cf6629b3c7bd742ddafae2c9dbbcfab4,5,2.61,2.39,
b8aad73af9325307a9cf82544a38d58480bd6ebb,209.35,74.36,134.99,The build files have been changed. Prediction may not be accurate.
8d8a1c205b8eb5b54ea1fc8a2e39197dacb1788b,12.36,8.87,3.49,
c6862451411ae3039029fdd1e3697343fa2aed19,12.36,8.77,3.59,
fc38156cbab15561f3139b2e851668641a6b17af,209.39,70.4,138.99,The build files have been changed. Prediction may not be accurate.
656494a7840cfb6c53c2cb9a27d82f58e2dd6f40,12.23,8.4,3.83,
8c32f7c448593862055a3b8de24514b76da96158,5.2,5.19,0.01,The build files have been changed. Prediction may not be accurate.
ac78d14125a39f1677a5a5d77bb8ab4cb5f2d3c9,12.36,8.72,3.64,
780b48c4cdc97ca5607ba15bc73ce5cc64d67c04,5,2.52,2.48,
5a642651c799906ec67ebb268cbd8148cd774d0a,13.03,9.29,3.74,
ef1ba452b3302e75f767d6160cf8d379af55d90d,152.89,145.58,7.31,
db8455f07d3d58b8d30d35371c0bbd3e342c8960,13.43,9.98,3.45,
c5cd1c5f023c6d03de9e551d0b0fde2d2f383d29,11.65,8.63,3.02,
9874fe3c400f16bbe6769899702a343da525e1d6,12.01,9.09,2.92,
10f96a914d4bdd9a472d304f76e2f1ed6ff47355,5,2.78,2.22,
d624bf4e6673cc989f0d452c6bc2f26b526891c9,12.93,9.56,3.37,
5ee333e4cb0b3d2160fcde7c6b3287fe2a8f079e,13.2,9.58,3.62,
8c858a018d752e06e4a9720735ffc495c3159e20,13.57,11.2,2.37,
5d014a802a4b47fbf5774f613d61b4218a1aa2a2,81.29,76.36,4.93,
61254347b19fa82c53a4f764346b5cb6b2aaf5dc,5,2.68,2.32,
23d8cc57634945d4fcd86eba26e8bdbe1ecf2fa1,5,2.63,2.37,
66116fc272c01a16188b5ce25ab8e88d01d48d92,5,2.56,2.44,
34277d69960960aeeb936629fc4c5326c7414f25,12.35,9.05,3.3,
0993cf6dc08829aa7ef826f26757b36b5f6f92b4,5,3.03,1.97,
a8eedd00a726483cd29a2a5c9660c82438a5d57e,18.02,14.06,3.96,
e02fa68068b05cdc93283af043e735cd19f40fcc,5.89,3.52,2.37,
ff3dee4bf68c7bf971185f7fe6d06e71a71293d9,5,2.7,2.3,
a3660532535f92cfac136435579ed4f23231f48c,12.93,9.36,3.57,
ebaa1de304ccad8cd9b82e5d49f229bf1815d529,5,2.63,2.37,
a0e74f6033e2a5aeab1de175de5bfb28328eb23d,5,2.56,2.44,
66bc9660c44b71c8bff47b4f7e16a801169a9f23,13.12,9.37,3.75,
905e916573a6a714bfbf513df2bb07bb365ca2a8,12.34,8.66,3.68,
b3fcb1442e81d14846a8b5d2e33352ac0f6d48ea,12.34,8.67,3.67,
46cf19c447f50d0aa9a4aee8c58ef2a7da2033ef,5,2.52,2.48,
a2a35870364d925d1217e4973bbcff53fc3c880d,180.97,161.58,19.39,
6b652b1a2e7c6f67e9576e4331da76971d54cc68,12.81,9.27,3.54,
7f195ac956153b06483bd0e78cfd3b5c100413b5,12.3,8.55,3.75,
6e4e1c168c2fa1fea4b449ba7a4b551aa4b6af6e,5,2.64,2.36,
b173244b7d06234ff45027ca277da9dd986b5b37,5,5.2,-0.2,The build files have been changed. Prediction may not be accurate.
3be6ed60aa58095691bd697344765e715a327fc1,213.78,205.97,7.81,
08a3f3f3d2190c7ff393ea13c5a310ba8a13a2e0,14.06,10.2,3.86,
17871e6881beb401eebb8b05eccb01490cfa85b6,13.78,9.91,3.87,
a80e7db1a8f26dc558085844dcb8003edb6eca74,78.18,73.28,4.9,
9c4887027d6bd09f38120b195c677dbe3bc5654b,13.6,10.33,3.27,
c885d42751e35ac8210f889d80e4b059a08d86ae,5,2.93,2.07,
243d740c0430a2fa123c2428bf25ae80768ed633,13.02,9.46,3.56,
2551685cf629b7f34030f146d71d2400825d36f7,13.02,9.27,3.75,
c7e49a324164e80cfa64a1a66c110edde5e93cec,5,2.78,2.22,
0441ae1ccf31ab10c4c65c74ea58012c44106be5,13.78,11.76,2.02,
8520ae3ffa71e2680076fd3fcc1b7350a364ae76,13.23,10.62,2.61,
b65287fea54eea8979914b06ff44adea4bc809cc,5,2.73,2.27,
3cc349b04e76880a9d2f3c3d2195d171e110f66c,13.76,10.04,3.72,
be7de8a7fd0883f8514cf8b532ce1c820f7e35fa,13.57,10.35,3.22,
53d487e31bc41cca9bca147e02e81b69e404fe07,5,3.08,1.92,The build files have been changed. Prediction may not be accurate.
ab3805ab0471d47a2f7cc93d15eeb392c9d22b4b,241.42,75.6,165.82,The build files have been changed. Prediction may not be accurate.
de1bd45fe9ef82c1f5f48c63975ee18ede67d23a,5,2.76,2.24,
717ebba9d78151c999b1c1d08dc539be978ee27c,5,3.19,1.81,
45e99833e39af76ec9db13bb9d9edcaf3a719870,5,2.6,2.4,
e1d44799c0ba87506873c309ad4e16cce13bbfc4,14.72,13.21,1.51,The build files have been changed. Prediction may not be accurate.
a223796d0b4f47277fe570313829376db0de8108,12.64,8.83,3.81,
6a392a55ec37f33e001bad6495c8513f28f160cc,5,2.64,2.36,
0c121775145645b847aace30d403496d81261fae,12.6,8.59,4.01,
dab20975872a9b3d5f37beffa9e8e2b78efe6c02,5,2.63,2.37,
27fae8390946e73e8343a7fd7505796f3599ee23,180.58,180.38,0.2,
dafc454e70460b371775a876f3831f280bf097b8,12.62,10.21,2.41,
7ed76a4eca245edbf3149815a06795065164cb1f,12.69,9.57,3.12,
c5221f8aea3c4407024a665ce66d8535237d7d62,5,2.78,2.22,
e337fe31637fe868ab94b488caf9b4898a2a1040,5,2.74,2.26,
155a6886357eefaed1da156b6593c7a6ec7cddd1,5,2.75,2.25,
b9d919bd8f95e9eac7144ec7c413256c3f5cfc56,5,2.72,2.28,
f405f4211565fde3c58f3da9b18ddcdc5d82ccf2,13.1,10.27,2.83,
a9c8cc143ce696c70526fb24079fb04b98adbfc7,5,2.86,2.14,
f2c1cfe8c770f73367a021044bcdda550348714c,5,2.99,2.01,
475445e6e0e1388af7c07eedd1fb3c7679e09561,5,3.07,1.93,
b25fa8feed42d226b63f4d89ebf4b07041d26181,5,2.9,2.1,
b97d666b2f4ce7f05b54f07906122608358fc177,5,2.87,2.13,
368c3f205ff6447e140396cfac10db31de70f135,12.62,10.89,1.73,
e419e1c4e212b1195c8e531fd6eeb4a0b80108d3,12.62,9.37,3.25,
9486f697bb3ed3b02fa2c82f50662fde7d77267e,179.59,164.62,14.97,
26d87927109d0758775e5455d4c0a22c1b3f9f75,5,2.92,2.08,
b662c6f09fe1a01bb1345f6cd7ab5a702eec5ee3,180.06,163.45,16.61,
5574315b5207e959d162553e3bb5681b6264fe27,5,2.97,2.03,
f9af40a1330a8226d72c96bff56cdb4ab895dac7,12.64,9.08,3.56,
a4c3ab58ccf32b0f50ce6f78fa7d18ee5745d510,12.64,9,3.64,
93dadb17ce9840a6c835f89984350edfb68a5946,210.14,194.26,15.88,
d7a1d890c109c8610333f938dee15e5d938ee8d8,214.36,219.9,-5.54,
cb86c222cce2436d6a213e574fbba159b6f34010,154.77,148.08,6.69,
409202c1fd6552d4f655ffed3bcc649f30a7dcdb,5,5.62,-0.62,The build files have been changed. Prediction may not be accurate.
c612fcab0fb2d3f0bdaf011d5b566dc949dbd18a,13.23,10.98,2.25,
bb41a89c42dc4b24dc0a302b406df78e7c273744,224.86,78.19,146.67,The build files have been changed. Prediction may not be accurate.
4e7d22e268a4e06beb1c09585a48288c31004da5,5,3.06,1.94,
3e29dadae46fe4d1e26ff91c30d9d3b84eb6d84e,14.1,8.96,5.14,
fd789f118741d89df348ba21ddc1d813da02fb76,14.58,9.38,5.2,
9e85f60ec68eb0330e18254726facdc5d8983e35,14.19,9.03,5.16,
f5d4543139172f366afa0de36dd7e5eac08e2297,245.21,78.45,166.76,The build files have been changed. Prediction may not be accurate.
4b02bfd6eee43aaaa0ad30955cc85558f402d90f,16.59,10.15,6.44,
6e576503876759d18c94bbad3c20ebb83b82c631,16.76,10.01,6.75,
7a295f063fdef26ae87bfe3a942847c5ecd7f7c3,5,2.74,2.26,
9f90ee5eeccd47f39c7a03dcd786b125a19c195d,6.16,3.43,2.73,
0d6e200384c8c2fb172273dcfaa6a48bc357d4a3,15.44,8.71,6.73,
1f0a11c59aa244a70766bdb4c3b06d3d79b25c7a,274.6,186.61,87.99,
2471d9cf8697b07d4e86b6f143eda7b779be02a9,274.6,196.47,78.13,
1102e6f9ca89b54e4e1139cca80f97c7bfb72dc3,15.39,9.92,5.47,
fb1e5ff04b48b9bb93b99b127abf3ffe73a98e5c,15.49,10.1,5.39,
b701c3c60824fca4c0056a7a46c627fe2977257d,5.38,6.6,-1.22,The build files have been changed. Prediction may not be accurate.
32492c6ab0000c50564360c74acf069814d942d1,13.83,11.61,2.22,
0d3f56e31c9099653539fa2539e05b3ba336a441,13.15,9.71,3.44,
bf181a3ac78e824ca7e67ecfb2ba957e740594d7,14.07,10.35,3.72,
f45ceb838dae8f96b9bf646998a26a954a6fbf3d,13.28,9.79,3.49,
6cd1f8b40ff66509eedfce9c3c46cbef799a7ffe,13.2,9.32,3.88,
723961b749613aad05b6bd22d1f12479a0022bef,13.2,9.17,4.03,
73a71d6a435485714d8a96a156bb805d47438ac0,13.05,9.45,3.6,
1405eeeed797470bed9d8062d4051bf5b011e42b,5,2.74,2.26,
e5e6c25c88349bf9fe2456efeb3785655967ad71,5,2.65,2.35,
6579c87bd2e9d61cac078165505e502f57b03623,5,2.71,2.29,
1ac5b92c2f16335d686268191e0605ae1f344b4a,5,6.51,-1.51,The build files have been changed. Prediction may not be accurate.
2a71f187d731a71ef16f4368d49af68aa3fe158d,5,3.98,1.02,
4d800e4d86db6825dd3c508c83352b9a4cd24350,5,2.91,2.09,
5bc0bc2fdeb8a7c7bb56fabbd8886b56bf34c85b,5,3,2,
007f6684c54a695a6c35315f12f9f306d5af83bb,5,2.92,2.08,
01e9302673630b20120505d92bbc245ba1bd027a,5,2.75,2.25,
cb7020af5e864eed81520e980d66ccd683697ed4,85.96,76.87,9.09,
6cf867fb2a5086d2c5c0ac6c71ac795008cd13ae,5,3.03,1.97,
bb8eea6148fab965969c74e80a936864fc65e671,5.93,4.31,1.62,
82fcfeb3b065d7cc4d53e80776f9b476df7c2137,85.96,75.13,10.83,
36e093a31a9eb12021e7780b9e322c29763ffa58,16.4,20.39,-3.99,The build files have been changed. Prediction may not be accurate.
89058e8a9b769ab223bc75739f5455dab18f7a3d,247.74,95.51,152.23,The build files have been changed. Prediction may not be accurate.
9e8f4d473604e291c0164965bf9bba5ac77cc2bf,14.29,9.33,4.96,
a367921d445f290263b052ad3da55525c1a5deb3,13.41,8.81,4.6,
62e5ee5514f0838689bc7d2d2c1a43fa912eaf1a,13.41,8.59,4.82,
16190d2dcd111b75b240baffe88653e5fa2822f6,18.15,12.2,5.95,
b31a873fb3bd1b67af9f7cc88bf44f8b5a941cec,160.07,160.8,-0.73,
865ce79ce0e92326b247ef51e7e2c78aaad99889,13.33,11.28,2.05,
eeae7950fca962e65a5e08cfceae372782f5cc7e,13.35,11.11,2.24,
96df2727f4c120a9fec888a2840f60ac3c3edde9,5,3.33,1.67,
5f0665cbbc1d8b2fafeeb1fba7569612832b7541,5,3.44,1.56,
9931336d2dfbaf44aeb54b7e31164b91718e7769,5,3.41,1.59,
c20f3b239cd37733df1b68f113fdc17621cc3157,14.88,12.34,2.54,
07b3595c230c42ef8a31406d00477c9f755e902d,14.52,11.83,2.69,
c94e4c6f03e39e3e7749980b8d19f1644aacb003,13.81,11.55,2.26,
338741fff5381d1a8d11b8f62c9e208af8b016fa,12.78,9.99,2.79,
6c43b6a21aca5cac33992c6b690e566ac1664997,13.52,11.27,2.25,
cac0a49ca031bbf0d3fa9902010b05e2ad6523b3,5,3.34,1.66,
bdc3f149ec134081943fcd626a1c826cccd05171,12.84,9.92,2.92,
ace7f6861e180d8a9a3b6982e2cfa522cb0cb5a0,12.84,10.36,2.48,
36593a3aba8dded2781a2bdd9b2ad0050dc939f2,12.84,10.2,2.64,
f68582356dd94f34e85574852556ab591854da27,5,3.91,1.09,
0d8dd2cf5cb7ba2d75b71bf765b299727eb32e26,13.38,10.18,3.2,
7cba800a84730c9c5843acdd775e42b8c1438edf,5,2.77,2.23,
f8273f39a1fa5e961c30e96fa2a82d728736be09,159.55,138.32,21.23,The build files have been changed. Prediction may not be accurate.
f7b13e05f9bc5bd2b54f589d16ad580f6d833173,14.26,12.02,2.24,
916297be799ee001b4a214cc52c3b960bb0b5deb,13.4,10.99,2.41,
8a97dc56528b45dcd84a8c46f94b9a25a26d5cc3,5,6.03,-1.03,The build files have been changed. Prediction may not be accurate.
ff1381e31e2c05d0e410c49e6a728ad175a9fc0a,5,3.51,1.49,
102ac0e7765796f49ccd271dd9de97885bc3c605,265.59,94.74,170.85,The build files have been changed. Prediction may not be accurate.
126c685f4aa627a8190e09adfc8ab0733c14a6ea,16.21,12.36,3.85,
525bbbd6bd7c9abb45c4ddfcfb8dcf45bbbd5726,5,3.4,1.6,
5e7e058a9c26fa735386cf45b41ad91cc7768137,197.55,165.6,31.95,
7313195ae776dad441b18fb948149dfdd6ae76cc,5,3.41,1.59,
13a9e8b7a649fb8739f47e88fc2ab4218b9aed7a,5,3.22,1.78,
3bd703e9c4a4de0ea3faf2073ffaffcb182c5b5d,14.37,9.37,5,
074fe89f226d4c0f3c6bdd48b6b03c8051fbaf75,6.31,3.81,2.5,
aecac6e1cb80b3b5e64459f5a8536ad93d021c1b,6.31,3.79,2.52,
d853ceddb5bd07e0835ef7b7953404f5c866832d,5,2.85,2.15,
4c1f716ef6d8d9bf73e60175ebad52b2c1d13b6b,5,2.79,2.21,
ace7846322634159271c5c75ccadfa3cade78620,5,2.89,2.11,
fe1a2dc1965b564727480c8a99740252ea81274b,5,2.78,2.22,
3beb67f9f3b1db6ee133973edfd89df89d7bdde5,5,2.99,2.01,
f1c2e703454cb876a7df9c081c456a3df97b906e,13.74,9.8,3.94,
b07ba8ed3b3c6b2b0402946283e896ad66b0a573,13.74,9.96,3.78,
31496767c7caed25c134e58b0f41b1e696f671fe,14.43,10.96,3.47,
a8c157f92be6915549e1ec06e611e72da935385b,14.43,10.86,3.57,
6ac2e8c79a012e2d43292efdbd3250de31abff47,15.85,11.77,4.08,
29d380cc5bbd97ee5b0c95b5499d6dd17523b71b,14.81,10.85,3.96,
45dae4b5063f9af7de8211ced95dd73cc770a86e,5,3.36,1.64,
064183a633b7fcfd9b7c1b5a2917fb6f0e9128d3,5,3.37,1.63,
0a9d91ab7b3b11df74a46d2068316a7c198e8558,5,3.15,1.85,
4865538ce3d93dda802d25cbf93743e842507c5f,14.44,10.95,3.49,
472dee39097881502bb593eb2effe37b3b6064a2,5,3.23,1.77,
e18e7956bfc8a65ecec18b1837d5b7835312c40a,15.14,11.07,4.07,
bced30cfbb9d98fdaf71225bae3330e95ea548fa,5,3.29,1.71,
6f859fe21a1955ab60ba4aa7e22841c7dbffdea3,5,2.94,2.06,
474877d916439e20769a4aad4bccdedff2ad04ac,16.21,13.07,3.14,
d92a67afcb4349bd3e9f6d02b0fd1acf4526d5be,16.37,12.01,4.36,
f42d2c1b54541cf8d4e399f5c6d27d3ac40fc1a9,5,3.36,1.64,
23a5352cd8a1f247ac831ebada9dbc9f5d24476f,14.61,10.85,3.76,
517ce45f8e21b2f7524fd429ee90ab1fbca9a30a,14.47,9.26,5.21,
34e946838d055cff810e32f6dba4331c49ea28c4,5,2.69,2.31,